url,name,address,city,state,phone
http://www.jdcookcpa.com/,Results,"îƒˆ154 14th St, Eureka, MT 59917",Eureka,MT,î‚°(406) 297-3122
http://jessicanajeratax.com/,Results,"îƒˆ539 G St Suite 110, Eureka, CA 95501",Eureka,CA,î‚°(707) 599-2550
https://www.bradleysmorrisoncpa.com/,Results,"îƒˆ321 E Wabash Ave, Eureka, CA 95501",Eureka,CA,î‚°(707) 443-5183
http://www.aalfsevans.com/,Results,"îƒˆ104 D St, Eureka, CA 95501",Eureka,CA,î‚°(707) 444-8242
http://www.dmmh-cpa.com/,Results,"îƒˆ351 G St, Eureka, CA 95501",Eureka,CA,î‚°(707) 445-0871
http://www.tiffinhall.com/,Results,"îƒˆ124 Riverside Dr, Eureka, MT 59917",Eureka,MT,î‚°(406) 297-7026
http://www.corsetticpa.com/,Results,"îƒˆ815 7th St, Eureka, CA 95501",Eureka,CA,î‚°(707) 445-3078
https://wemakeadifference.net/,Results,"îƒˆ111 N Central Ave, Eureka, MO 63025",Eureka,MO,î‚°(636) 938-9510
http://www.cmmtax.com/,Results,"îƒˆ710 E St #100, Eureka, CA 95501",Eureka,CA,î‚°(707) 441-1111
http://garykasper.com/,Results,"îƒˆ324 Central Ave, Fairfield, MT 59436",Fairfield,MT,î‚°(406) 467-2410
https://www.availaccounting.com/,Results,"îƒˆ700 Niehoff Dr # C, Eureka, MO 63025",Eureka,MO,î‚°(636) 938-9444
https://laser1040helena.com/,Results,"îƒˆ1018 Custer Ave #1, Helena, MT 59602",Helena,MT,î‚°(406) 442-1700
